"state","excess_deaths_per_100k_wa"
"District of Columbia",6.63585025270144
"North Dakota",5.52604839053832
"New York",5.41903957946649
"New Jersey",5.25433719340459
"Mississippi",4.72124468864262
"Louisiana",4.31638600484054
"South Dakota",4.25004484763645
"Tennessee",4.08926348654484
"Missouri",4.0858285787871
"Michigan",3.87002041030839
